feature,psi,psi_status,ks_statistic,ks_p_value,ks_drift
var_6,0.6878845399516929,significant,0.3153083333333334,0.0,True
var_9,0.6837820708315495,significant,0.3066416666666667,0.0,True
var_7,0.42150751463138425,significant,0.240525,0.0,True
var_2,0.2759988230083603,significant,0.17872499999999997,0.0,True
var_0,0.26649971939867584,significant,0.189975,0.0,True
var_3,0.2612270274428854,significant,0.17579166666666668,0.0,True
var_1,0.26075443815921756,significant,0.1722583333333334,0.0,True
var_4,0.2401013619430693,moderate,0.18044166666666667,0.0,True
var_5,0.04271767576299563,stable,0.06239166666666668,5.761777443561519e-102,True
var_8,0.035523631045948856,stable,0.045208333333333406,1.0177032822905478e-53,True
var_19,0.0009731759223673697,stable,0.008333333333333304,0.030834772713034253,True
var_169,0.0007494468886889155,stable,0.0072249999999999814,0.08683009497474936,False
var_128,0.0007464142584964191,stable,0.006108333333333327,0.21207226154779923,False
var_143,0.0007427883892693308,stable,0.010083333333333444,0.004453412819078047,True
var_189,0.0007232357101729185,stable,0.008416666666666628,0.028355933473562578,True
var_45,0.0007051425980896196,stable,0.005741666666666645,0.27491175225156306,False
var_152,0.0007042400576833673,stable,0.0071666666666666545,0.0913182289242177,False
var_79,0.0006901634895788365,stable,0.0075166666666666715,0.06707554013365702,False
var_64,0.0006631621441463391,stable,0.007750000000000007,0.05416009915133435,False
var_186,0.0006378878336569644,stable,0.005058333333333331,0.42512779867292183,False
var_56,0.0006338958754059782,stable,0.0056916666666666504,0.2844333674425379,False
var_51,0.0006265988722830594,stable,0.0036416666666667097,0.8197189448543618,False
var_40,0.0006227088665380714,stable,0.007666666666666655,0.058503094289850566,False
var_101,0.0006138440180978756,stable,0.008141666666666714,0.037271718741146764,True
var_94,0.0006044771515645429,stable,0.00660000000000005,0.14583973585056964,False
var_119,0.0006015538163723015,stable,0.008083333333333331,0.039451073461644115,True
var_139,0.0005903188284855347,stable,0.004583333333333384,0.5525982993038083,False
var_125,0.0005860967598128873,stable,0.00539999999999996,0.3446379797533097,False
var_71,0.0005846001692788702,stable,0.0071500000000000175,0.09263566738731621,False
var_68,0.0005538047759632781,stable,0.010358333333333358,0.0031777923028829783,True
var_91,0.0005530863110952585,stable,0.006633333333333324,0.14203148664140175,False
var_167,0.0005480547139955756,stable,0.0042083333333333695,0.6611151184002677,False
var_24,0.0005417272881656514,stable,0.007108333333333272,0.09599894216168714,False
var_62,0.000537955904918923,stable,0.005750000000000033,0.2733474230924018,False
var_116,0.0005108647328865659,stable,0.008808333333333418,0.018911688440328773,True
var_177,0.0005048895253513171,stable,0.005833333333333357,0.2580575280239442,False
var_194,0.000502282163901538,stable,0.004641666666666669,0.5361579330348566,False
var_82,0.0004995423416537623,stable,0.008674999999999988,0.0217527338396815,True
var_86,0.00048308104559116865,stable,0.009133333333333327,0.013325654106920923,True
var_104,0.0004794541764025376,stable,0.004166666666666652,0.6732781084717798,False
var_188,0.00047568223880547,stable,0.004908333333333403,0.46363629844803167,False
var_95,0.00047398703435769647,stable,0.006916666666666682,0.11280784448476289,False
var_83,0.00046666494155850173,stable,0.008958333333333346,0.01611540642635575,True
var_100,0.0004649758566720269,stable,0.006141666666666601,0.2069525565426138,False
var_74,0.00045898541462029797,stable,0.0054916666666666725,0.3248580615176503,False
var_151,0.00045806130101323664,stable,0.005866666666666687,0.2521204930244817,False
var_57,0.00045480095610388947,stable,0.006099999999999994,0.21336721482697574,False
var_195,0.0004498656475853487,stable,0.0054833333333332845,0.32662378766343014,False
var_28,0.00044675703808329107,stable,0.006025000000000058,0.22529496108860225,False
var_109,0.0004351093812500303,stable,0.004433333333333289,0.5955714510168688,False
var_98,0.0004273026508443824,stable,0.008199999999999985,0.035198372681020884,True
var_84,0.00042550965326859994,stable,0.004591666666666661,0.5502391081162312,False
var_11,0.0004233295726105642,stable,0.0043083333333333584,0.631907653745805,False
var_48,0.0004226944713171981,stable,0.005525000000000002,0.31786021522405883,False
var_127,0.00041720073633478113,stable,0.005549999999999944,0.3126801912451844,False
var_184,0.0004147457051293402,stable,0.004683333333333373,0.5245271281002433,False
var_126,0.00041278091315205903,stable,0.008208333333333317,0.03491058492506793,True
var_13,0.00040488663512675455,stable,0.007933333333333348,0.04557275913890568,True
var_117,0.0004003292884398432,stable,0.005500000000000005,0.32309883895615543,False
var_115,0.00039982585266516756,stable,0.005266666666666642,0.3747993630623626,False
var_54,0.00037978398940698334,stable,0.0037583333333333357,0.7890308896997617,False
var_147,0.0003736826600754093,stable,0.006508333333333338,0.15673747388360515,False
var_97,0.000372207313934188,stable,0.0054833333333332845,0.32662378766343014,False
var_33,0.0003696179799343885,stable,0.006841666666666635,0.1200144976460783,False
var_110,0.00036778230901343277,stable,0.004133333333333322,0.6829926922232314,False
var_135,0.0003660462519991791,stable,0.004158333333333375,0.6757083907265566,False
var_52,0.00035326182317866776,stable,0.00545000000000001,0.33375166852837024,False
var_72,0.0003518845509733032,stable,0.004483333333333339,0.5811511494176462,False
var_156,0.00035131711931431973,stable,0.0061833333333333185,0.20068716979674495,False
var_134,0.00035092832201399243,stable,0.0055333333333333345,0.3161270278540885,False
var_69,0.0003465946822047604,stable,0.007141666666666657,0.09330032467062266,False
var_122,0.00034647869745440553,stable,0.004733333333333339,0.5107050008027645,False
var_174,0.00034225459132564075,stable,0.007258333333333367,0.08434965707466346,False
var_31,0.0003341982927854514,stable,0.006133333333333324,0.20822349287589448,False
var_154,0.0003339772288452332,stable,0.009233333333333316,0.011934353276610283,True
var_192,0.0003323568086336255,stable,0.007583333333333331,0.06314162214693986,False
var_16,0.0003292685692753222,stable,0.003391666666666668,0.8792437751225902,False
var_155,0.0003287431982866296,stable,0.0032416666666666427,0.9097911377459982,False
var_87,0.00032453160469989755,stable,0.004975000000000007,0.44629856118596634,False
var_80,0.0003244104659022929,stable,0.0035750000000000087,0.8365069813045545,False
var_190,0.00031926254758608065,stable,0.004641666666666655,0.5361579330348603,False
var_185,0.00031536094891631,stable,0.006125000000000047,0.20950041366454575,False
var_47,0.0003124487321840913,stable,0.005358333333333326,0.35388744671230743,False
var_76,0.00031062571454543414,stable,0.005641666666666656,0.29418823088863044,False
var_73,0.00030913716217084426,stable,0.0036833333333333163,0.8089372533949462,False
var_196,0.00030595961314236887,stable,0.0032166666666666455,0.9144498538731007,False
var_161,0.00030336382603925204,stable,0.0046916666666666496,0.5222129525317303,False
var_120,0.000302827289866893,stable,0.004924999999999957,0.4592694462390644,False
var_77,0.0003025078240017526,stable,0.004475,0.5835486653460467,False
var_59,0.0003019904592315719,stable,0.007550000000000001,0.06508321081509238,False
var_193,0.0003006238570242711,stable,0.004591666666666661,0.5502391081162312,False
var_168,0.0003000096022713428,stable,0.005358333333333354,0.3538874467123013,False
var_191,0.00029948206646806554,stable,0.005441666666666678,0.33554986500657447,False
var_163,0.0002986359899311806,stable,0.004408333333333347,0.6028104919285342,False
var_118,0.00029268834921122004,stable,0.007308333333333361,0.08074095357287991,False
var_103,0.0002819823563806572,stable,0.004241666666666699,0.6513770531963587,False
var_150,0.00028148375721995304,stable,0.003566666666666718,0.8385626935086199,False
var_42,0.0002789743720481023,stable,0.004391666666666683,0.607645756734786,False
var_43,0.0002783695238291456,stable,0.005416666666666625,0.3409833281990924,False
var_93,0.00027758768057039164,stable,0.004425000000000012,0.5979825087957038,False
var_144,0.00027496573593818583,stable,0.006350000000000022,0.17708319898721459,False
var_146,0.0002746977462528419,stable,0.0033249999999999946,0.8933540407172876,False
var_183,0.00027440742739112423,stable,0.003908333333333347,0.7476360695229767,False
var_32,0.00027322174142926405,stable,0.004408333333333347,0.6028104919285342,False
var_23,0.0002728313303510865,stable,0.006649999999999989,0.1401576952450373,False
var_12,0.0002715560182034856,stable,0.004574999999999996,0.5549608451169747,False
var_60,0.0002700103470841585,stable,0.004174999999999984,0.6708469138736746,False
var_46,0.0002694926283771214,stable,0.005316666666666636,0.363297350555581,False
var_37,0.0002689827709951685,stable,0.0064750000000000085,0.16085805843219114,False
var_197,0.00026892655651762013,stable,0.006816666666666582,0.12249904962228786,False
var_111,0.00026655521610000906,stable,0.00440833333333332,0.6028104919285422,False
var_113,0.0002649922181324688,stable,0.005733333333333368,0.2764825316755497,False
var_44,0.00026071529603428423,stable,0.005166666666666653,0.39848090086124377,False
var_106,0.0002574041824541406,stable,0.0044500000000000095,0.590755601891708,False
var_75,0.00025604377827584586,stable,0.00355833333333333,0.840608464116027,False
var_18,0.0002516873535627479,stable,0.00275000000000003,0.9766554405815481,False
var_67,0.0002504420720978787,stable,0.005166666666666653,0.39848090086124377,False
var_96,0.000250389688654271,stable,0.004591666666666716,0.5502391081162156,False
var_137,0.00024999966546167236,stable,0.003916666666666679,0.745286131418466,False
var_158,0.0002476284658633487,stable,0.002949999999999897,0.9558099473543936,False
var_90,0.00024217339966285404,stable,0.004633333333333378,0.5384956816283566,False
var_21,0.00024175977558125677,stable,0.00307500000000005,0.9383552641109687,False
var_198,0.0002408654620350331,stable,0.0038750000000000173,0.7569889883416255,False
var_85,0.00023302521286418723,stable,0.0049000000000000155,0.4658276739481053,False
var_173,0.0002305269583349812,stable,0.00577500000000003,0.2686930787966899,False
var_78,0.0002284955551578903,stable,0.004349999999999993,0.6197613974941011,False
var_180,0.00022680960526155986,stable,0.0038083333333334135,0.7754432379284318,False
var_58,0.000225631262739178,stable,0.006025000000000003,0.22529496108861125,False
var_88,0.00022336827311160624,stable,0.0027916666666666645,0.97300888099709,False
var_25,0.00022153624240532098,stable,0.0036666666666666653,0.8132751699200911,False
var_17,0.00022149658715135074,stable,0.004291666666666694,0.6367722255152435,False
var_149,0.0002205582789955127,stable,0.006691666666666651,0.13556058467528487,False
var_159,0.00021479960762805085,stable,0.003791666666666693,0.7799983088805245,False
var_26,0.0002135364597457924,stable,0.0041999999999999815,0.663548911218899,False
var_160,0.00021156646373304329,stable,0.0024166666666666226,0.9946018878312528,False
var_99,0.00021102035101697235,stable,0.0040583333333333305,0.7047609836025016,False
var_124,0.00020774347546857297,stable,0.0054833333333332845,0.32662378766343014,False
var_136,0.00020724925443775624,stable,0.004916666666666625,0.46145021068965886,False
var_172,0.00020627303983300794,stable,0.007016666666666671,0.10375764847086588,False
var_30,0.0002056575709787076,stable,0.006441666666666679,0.16506447439613436,False
var_105,0.00020551938043847988,stable,0.0037916666666666377,0.7799983088805394,False
var_153,0.0002040832023867351,stable,0.005916666666666681,0.2434050251648976,False
var_123,0.00020037341180869291,stable,0.0030166666666666675,0.9469304572933495,False
var_108,0.00019791467645615513,stable,0.0023333333333332984,0.9966375300050675,False
var_39,0.00019725991976378497,stable,0.003975000000000062,0.7287195957185211,False
var_179,0.00019388379431549275,stable,0.003433333333333344,0.8700163983937625,False
var_65,0.00019355019964204014,stable,0.0050916666666667165,0.4168213567091229,False
var_61,0.00018912419250316886,stable,0.002658333333333429,0.9834723123991248,False
var_162,0.00018893479631625304,stable,0.003724999999999992,0.797952982679548,False
var_166,0.0001888143015909713,stable,0.005958333333333399,0.2363151089564285,False
var_132,0.00018544092969908469,stable,0.003249999999999975,0.9082098023587508,False
var_199,0.00018365893677101667,stable,0.005500000000000005,0.32309883895615543,False
var_92,0.00018309925836016656,stable,0.004458333333333342,0.5883509675355112,False
var_63,0.00018233502635554838,stable,0.004108333333333325,0.6902648931722326,False
var_102,0.00017965731242265765,stable,0.004566666666666663,0.5573266807987458,False
var_178,0.0001777170252086696,stable,0.003941666666666677,0.7382102487435767,False
var_129,0.00017635152983677267,stable,0.0038833333333333497,0.7546580393287035,False
var_14,0.00017598606643484723,stable,0.004649999999999932,0.5338239699106604,False
var_170,0.00017474697364471746,stable,0.0029416666666666758,0.9568508641876934,False
var_35,0.00017468608024731074,stable,0.00307500000000005,0.9383552641109687,False
var_70,0.00017173251691157004,stable,0.004258333333333364,0.6465076898176454,False
var_114,0.00016800042577067473,stable,0.0025499999999999967,0.9895688067007689,False
var_27,0.00016769997861925458,stable,0.0028166666666666895,0.9706493472030098,False
var_157,0.00016768094349640402,stable,0.004699999999999982,0.5199029011096427,False
var_165,0.00016472188523583575,stable,0.004783333333333334,0.49704067161371757,False
var_20,0.00016345021365220968,stable,0.004191666666666705,0.6659822105347548,False
var_50,0.0001627691555422695,stable,0.003875000000000073,0.7569889883416101,False
var_142,0.00016162457470977274,stable,0.004716666666666647,0.5152953849953468,False
var_138,0.00015851695477229281,stable,0.00417500000000004,0.6708469138736581,False
var_187,0.0001577574092560193,stable,0.0058833333333333515,0.24919006322123727,False
var_34,0.00015660309935824467,stable,0.004174999999999998,0.6708469138736703,False
var_133,0.00015525458638072733,stable,0.0026333333333333486,0.9850585279330015,False
var_164,0.00015331689015824206,stable,0.005491666666666645,0.32485806151765617,False
var_36,0.0001532919879640003,stable,0.0027250000000000885,0.978675682390168,False
var_10,0.0001529192375979555,stable,0.003375000000000003,0.8828482488018469,False
var_175,0.0001527154337632087,stable,0.004566666666666719,0.5573266807987298,False
var_55,0.00014615935928583842,stable,0.004833333333333301,0.4835445549882116,False
var_148,0.00014524578022069286,stable,0.003741666666666643,0.7935062788302675,False
var_121,0.00014230136382989745,stable,0.0034916666666666707,0.8566014676411599,False
var_171,0.00014228254174158898,stable,0.003049999999999997,0.9421222132420246,False
var_89,0.00013675386916533317,stable,0.0051416666666666555,0.4045400419284072,False
var_181,0.0001346395577451467,stable,0.0025249999999999995,0.990703886040206,False
var_66,0.0001346137518265968,stable,0.004508333333333336,0.5739740360220589,False
var_131,0.00013449327687584605,stable,0.003766666666666696,0.7867827706747277,False
var_15,0.00013341426738995712,stable,0.0029583333333333406,0.9547537220503649,False
var_38,0.00013292894102140664,stable,0.002666666666666706,0.9829183901007508,False
var_53,0.00012378344070292525,stable,0.003899999999999987,0.7499814518619392,False
var_112,0.00011928211387391162,stable,0.003916666666666652,0.7452861314184738,False
var_176,0.00011906831663210971,stable,0.0034916666666666707,0.8566014676411599,False
var_41,0.00011485644298399539,stable,0.004216666666666646,0.6586809347522631,False
var_140,0.00011214160005047484,stable,0.002258333333333362,0.997906365036932,False
var_29,0.00011105152799185329,stable,0.002925000000000011,0.9588868578619788,False
var_130,0.00010849063598933518,stable,0.0053916666666666835,0.3464749908644089,False
var_182,0.00010558591900047229,stable,0.00409166666666666,0.6951048320296501,False
var_81,9.061936182344159e-05,stable,0.0040083333333332805,0.719172040640216,False
var_145,8.254991576127513e-05,stable,0.004049999999999998,0.7071694102468055,False
var_49,7.645942499509295e-05,stable,0.004166666666666652,0.6732781084717798,False
var_141,7.417160903026024e-05,stable,0.0035250000000000004,0.8486895737288971,False
var_22,6.173755837642287e-05,stable,0.002658333333333429,0.9834723123991248,False
var_107,4.574891523479519e-05,stable,0.003441666666666676,0.86813475581538,False
